bugs.averageResponseTime,"[{'Date': '20190309', 'Response Time': 0}, {'Date': '20190310', 'Response Time': 0}, {'Date': '20190330', 'Response Time': 0}, {'Date': '20190331', 'Response Time': 0}, {'Date': '20190406', 'Response Time': 0}, {'Date': '20190407', 'Response Time': 0}]"
bugs.averageResponseTime-bugs,"[{'Threads': 0, 'Response Time': 0}, {'Threads': 0, 'Response Time': 0}, {'Threads': 0, 'Response Time': 0}, {'Threads': 0, 'Response Time': 0}, {'Threads': 0, 'Response Time': 0}, {'Threads': 0, 'Response Time': 0}]"
bugs.averageSentiment,"[{'Average Sentiment': 0.0, 'Date': '20190309'}, {'Average Sentiment': 0.0, 'Date': '20190310'}, {'Average Sentiment': 0.0, 'Date': '20190330'}, {'Average Sentiment': 0.0, 'Date': '20190331'}, {'Average Sentiment': 0.0, 'Date': '20190406'}, {'Average Sentiment': 0.0, 'Date': '20190407'}]"
bugs.bugOpenTime,"[{'Bug Open Time': 0.0, 'Date': '20190309'}, {'Bug Open Time': 0.0, 'Date': '20190310'}, {'Bug Open Time': 0.0, 'Date': '20190330'}, {'Bug Open Time': 0.0, 'Date': '20190331'}, {'Bug Open Time': 0.0, 'Date': '20190406'}, {'Bug Open Time': 0.0, 'Date': '20190407'}]"
bugs.bugOpenTime-bugs,"[{'Bug Open Time': 0.0, 'Bugs': 0}, {'Bug Open Time': 0.0, 'Bugs': 0}, {'Bug Open Time': 0.0, 'Bugs': 0}, {'Bug Open Time': 0.0, 'Bugs': 0}, {'Bug Open Time': 0.0, 'Bugs': 0}, {'Bug Open Time': 0.0, 'Bugs': 0}]"
bugs.bugs,"[{'Bugs': 0, 'Date': '20190309'}, {'Bugs': 0, 'Date': '20190310'}, {'Bugs': 0, 'Date': '20190330'}, {'Bugs': 0, 'Date': '20190331'}, {'Bugs': 1, 'Date': '20190406'}, {'Bugs': 2, 'Date': '20190407'}]"
bugs.comments,"[{'Date': '20190301', 'Comments': 9}, {'Date': '20190302', 'Comments': 12}, {'Date': '20190303', 'Comments': 2}, {'Date': '20190304', 'Comments': 8}, {'Date': '20190305', 'Comments': 13}, {'Date': '20190306', 'Comments': 2}, {'Date': '20190307', 'Comments': 5}, {'Date': '20190308', 'Comments': 3}, {'Date': '20190309', 'Comments': 0}, {'Date': '20190310', 'Comments': 0}, {'Date': '20190311', 'Comments': 2}, {'Date': '20190312', 'Comments': 5}, {'Date': '20190313', 'Comments': 6}, {'Date': '20190314', 'Comments': 10}, {'Date': '20190315', 'Comments': 21}, {'Date': '20190316', 'Comments': 7}, {'Date': '20190317', 'Comments': 7}, {'Date': '20190318', 'Comments': 19}, {'Date': '20190319', 'Comments': 24}, {'Date': '20190320', 'Comments': 7}, {'Date': '20190321', 'Comments': 3}, {'Date': '20190322', 'Comments': 11}, {'Date': '20190323', 'Comments': 4}, {'Date': '20190324', 'Comments': 1}, {'Date': '20190325', 'Comments': 26}, {'Date': '20190326', 'Comments': 12}, {'Date': '20190327', 'Comments': 12}, {'Date': '20190328', 'Comments': 3}, {'Date': '20190329', 'Comments': 1}, {'Date': '20190330', 'Comments': 0}, {'Date': '20190331', 'Comments': 0}, {'Date': '20190401', 'Comments': 7}, {'Date': '20190402', 'Comments': 22}, {'Date': '20190403', 'Comments': 18}, {'Date': '20190404', 'Comments': 2}, {'Date': '20190405', 'Comments': 3}, {'Date': '20190406', 'Comments': 0}, {'Date': '20190407', 'Comments': 0}, {'Date': '20190408', 'Comments': 2}, {'Date': '20190409', 'Comments': 16}, {'Date': '20190410', 'Comments': 5}, {'Date': '20190411', 'Comments': 22}, {'Date': '20190412', 'Comments': 1}]"
bugs.comments-averageperday,"[{'Date': '20190309', 'Comments': 0.0}, {'Date': '20190310', 'Comments': 0.0}, {'Date': '20190330', 'Comments': 0.0}, {'Date': '20190331', 'Comments': 0.0}, {'Date': '20190406', 'Comments': 0.0}, {'Date': '20190407', 'Comments': 0.0}]"
bugs.comments-bugaverage,"[{'Date': '20190309', 'Comments': 0.0}, {'Date': '20190310', 'Comments': 0.0}, {'Date': '20190330', 'Comments': 0.0}, {'Date': '20190331', 'Comments': 0.0}, {'Date': '20190406', 'Comments': 0.0}, {'Date': '20190407', 'Comments': 0.0}]"
bugs.comments-useraverage,"[{'Date': '20190309', 'Comments': 0.0}, {'Date': '20190310', 'Comments': 0.0}, {'Date': '20190330', 'Comments': 0.0}, {'Date': '20190331', 'Comments': 0.0}, {'Date': '20190406', 'Comments': 0.0}, {'Date': '20190407', 'Comments': 0.0}]"
bugs.cumulativeAverageResponseTime,"[{'Date': '20190309', 'Response Time': 0}, {'Date': '20190310', 'Response Time': 0}, {'Date': '20190330', 'Response Time': 0}, {'Date': '20190331', 'Response Time': 0}, {'Date': '20190406', 'Response Time': 0}, {'Date': '20190407', 'Response Time': 0}]"
bugs.cumulativeAverageResponseTime-bugs,"[{'Threads': 0, 'Response Time': 0}, {'Threads': 0, 'Response Time': 0}, {'Threads': 0, 'Response Time': 0}, {'Threads': 0, 'Response Time': 0}, {'Threads': 0, 'Response Time': 0}, {'Threads': 0, 'Response Time': 0}]"
bugs.cumulativeComments,"[{'Date': '20190301', 'Comments': 9}, {'Date': '20190302', 'Comments': 21}, {'Date': '20190303', 'Comments': 23}, {'Date': '20190304', 'Comments': 31}, {'Date': '20190305', 'Comments': 44}, {'Date': '20190306', 'Comments': 46}, {'Date': '20190307', 'Comments': 51}, {'Date': '20190308', 'Comments': 54}, {'Date': '20190309', 'Comments': 54}, {'Date': '20190310', 'Comments': 54}, {'Date': '20190311', 'Comments': 56}, {'Date': '20190312', 'Comments': 61}, {'Date': '20190313', 'Comments': 67}, {'Date': '20190314', 'Comments': 77}, {'Date': '20190315', 'Comments': 98}, {'Date': '20190316', 'Comments': 105}, {'Date': '20190317', 'Comments': 112}, {'Date': '20190318', 'Comments': 131}, {'Date': '20190319', 'Comments': 155}, {'Date': '20190320', 'Comments': 162}, {'Date': '20190321', 'Comments': 165}, {'Date': '20190322', 'Comments': 176}, {'Date': '20190323', 'Comments': 180}, {'Date': '20190324', 'Comments': 181}, {'Date': '20190325', 'Comments': 207}, {'Date': '20190326', 'Comments': 219}, {'Date': '20190327', 'Comments': 231}, {'Date': '20190328', 'Comments': 234}, {'Date': '20190329', 'Comments': 235}, {'Date': '20190330', 'Comments': 235}, {'Date': '20190331', 'Comments': 235}, {'Date': '20190401', 'Comments': 242}, {'Date': '20190402', 'Comments': 264}, {'Date': '20190403', 'Comments': 282}, {'Date': '20190404', 'Comments': 284}, {'Date': '20190405', 'Comments': 287}, {'Date': '20190406', 'Comments': 287}, {'Date': '20190407', 'Comments': 287}, {'Date': '20190408', 'Comments': 289}, {'Date': '20190409', 'Comments': 305}, {'Date': '20190410', 'Comments': 310}, {'Date': '20190411', 'Comments': 332}, {'Date': '20190412', 'Comments': 333}]"
bugs.cumulativeNewBugs,"[{'Bugs': 0, 'Date': '20190301'}, {'Bugs': 1, 'Date': '20190302'}, {'Bugs': 1, 'Date': '20190303'}, {'Bugs': 2, 'Date': '20190304'}, {'Bugs': 7, 'Date': '20190305'}, {'Bugs': 8, 'Date': '20190306'}, {'Bugs': 10, 'Date': '20190307'}, {'Bugs': 11, 'Date': '20190308'}, {'Bugs': 11, 'Date': '20190309'}, {'Bugs': 11, 'Date': '20190310'}, {'Bugs': 12, 'Date': '20190311'}, {'Bugs': 13, 'Date': '20190312'}, {'Bugs': 15, 'Date': '20190313'}, {'Bugs': 18, 'Date': '20190314'}, {'Bugs': 19, 'Date': '20190315'}, {'Bugs': 20, 'Date': '20190316'}, {'Bugs': 21, 'Date': '20190317'}, {'Bugs': 25, 'Date': '20190318'}, {'Bugs': 26, 'Date': '20190319'}, {'Bugs': 27, 'Date': '20190320'}, {'Bugs': 28, 'Date': '20190321'}, {'Bugs': 29, 'Date': '20190322'}, {'Bugs': 30, 'Date': '20190323'}, {'Bugs': 30, 'Date': '20190324'}, {'Bugs': 32, 'Date': '20190325'}, {'Bugs': 34, 'Date': '20190326'}, {'Bugs': 36, 'Date': '20190327'}, {'Bugs': 36, 'Date': '20190328'}, {'Bugs': 37, 'Date': '20190329'}, {'Bugs': 37, 'Date': '20190330'}, {'Bugs': 37, 'Date': '20190331'}, {'Bugs': 39, 'Date': '20190401'}, {'Bugs': 40, 'Date': '20190402'}, {'Bugs': 42, 'Date': '20190403'}, {'Bugs': 43, 'Date': '20190404'}, {'Bugs': 43, 'Date': '20190405'}, {'Bugs': 43, 'Date': '20190406'}, {'Bugs': 43, 'Date': '20190407'}, {'Bugs': 43, 'Date': '20190408'}, {'Bugs': 47, 'Date': '20190409'}, {'Bugs': 49, 'Date': '20190410'}, {'Bugs': 49, 'Date': '20190411'}, {'Bugs': 49, 'Date': '20190412'}]"
bugs.cumulativeNewUsers,"[{'Users': 0, 'Date': '20190309'}, {'Users': 0, 'Date': '20190310'}, {'Users': 0, 'Date': '20190330'}, {'Users': 0, 'Date': '20190331'}, {'Users': 0, 'Date': '20190406'}, {'Users': 0, 'Date': '20190407'}]"
bugs.cumulativePatches,"[{'Patches': 0, 'Date': '20190301'}, {'Patches': 0, 'Date': '20190302'}, {'Patches': 0, 'Date': '20190303'}, {'Patches': 0, 'Date': '20190304'}, {'Patches': 0, 'Date': '20190305'}, {'Patches': 0, 'Date': '20190306'}, {'Patches': 0, 'Date': '20190307'}, {'Patches': 0, 'Date': '20190308'}, {'Patches': 0, 'Date': '20190309'}, {'Patches': 0, 'Date': '20190310'}, {'Patches': 0, 'Date': '20190311'}, {'Patches': 0, 'Date': '20190312'}, {'Patches': 0, 'Date': '20190313'}, {'Patches': 0, 'Date': '20190314'}, {'Patches': 0, 'Date': '20190315'}, {'Patches': 0, 'Date': '20190316'}, {'Patches': 0, 'Date': '20190317'}, {'Patches': 0, 'Date': '20190318'}, {'Patches': 0, 'Date': '20190319'}, {'Patches': 0, 'Date': '20190320'}, {'Patches': 0, 'Date': '20190321'}, {'Patches': 0, 'Date': '20190322'}, {'Patches': 0, 'Date': '20190323'}, {'Patches': 0, 'Date': '20190324'}, {'Patches': 0, 'Date': '20190325'}, {'Patches': 0, 'Date': '20190326'}, {'Patches': 0, 'Date': '20190327'}, {'Patches': 0, 'Date': '20190328'}, {'Patches': 0, 'Date': '20190329'}, {'Patches': 0, 'Date': '20190330'}, {'Patches': 0, 'Date': '20190331'}, {'Patches': 0, 'Date': '20190401'}, {'Patches': 0, 'Date': '20190402'}, {'Patches': 0, 'Date': '20190403'}, {'Patches': 0, 'Date': '20190404'}, {'Patches': 0, 'Date': '20190405'}, {'Patches': 0, 'Date': '20190406'}, {'Patches': 0, 'Date': '20190407'}, {'Patches': 0, 'Date': '20190408'}, {'Patches': 0, 'Date': '20190409'}, {'Patches': 0, 'Date': '20190410'}, {'Patches': 0, 'Date': '20190411'}, {'Patches': 0, 'Date': '20190412'}]"
bugs.cumulativereplies,"[{'Date': '20190309', 'Replies': 0}, {'Date': '20190310', 'Replies': 0}, {'Date': '20190330', 'Replies': 0}, {'Date': '20190331', 'Replies': 0}, {'Date': '20190406', 'Replies': 0}, {'Date': '20190407', 'Replies': 0}]"
bugs.cumulativerequests,"[{'Requests': 0, 'Date': '20190309'}, {'Requests': 0, 'Date': '20190310'}, {'Requests': 0, 'Date': '20190330'}, {'Requests': 0, 'Date': '20190331'}, {'Requests': 0, 'Date': '20190406'}, {'Requests': 0, 'Date': '20190407'}]"
bugs.cumulativerequestsreplies,"[{'Requests': 0, 'Date': '20190309', 'Replies': 0}, {'Requests': 0, 'Date': '20190310', 'Replies': 0}, {'Requests': 0, 'Date': '20190330', 'Replies': 0}, {'Requests': 0, 'Date': '20190331', 'Replies': 0}, {'Requests': 0, 'Date': '20190406', 'Replies': 0}, {'Requests': 0, 'Date': '20190407', 'Replies': 0}]"
bugs.duplicateBugs,"[{'Bugs': 0, 'Date': '20190309'}, {'Bugs': 0, 'Date': '20190310'}, {'Bugs': 0, 'Date': '20190330'}, {'Bugs': 0, 'Date': '20190331'}, {'Bugs': 0, 'Date': '20190406'}, {'Bugs': 0, 'Date': '20190407'}]"
bugs.fixedBugs,"[{'Bugs': 0, 'Date': '20190309'}, {'Bugs': 0, 'Date': '20190310'}, {'Bugs': 0, 'Date': '20190330'}, {'Bugs': 0, 'Date': '20190331'}, {'Bugs': 0, 'Date': '20190406'}, {'Bugs': 0, 'Date': '20190407'}]"
bugs.invalidBugs,"[{'Bugs': 0, 'Date': '20190309'}, {'Bugs': 0, 'Date': '20190310'}, {'Bugs': 0, 'Date': '20190330'}, {'Bugs': 0, 'Date': '20190331'}, {'Bugs': 0, 'Date': '20190406'}, {'Bugs': 0, 'Date': '20190407'}]"
bugs.newUsers,"[{'Users': 0, 'Date': '20190309'}, {'Users': 0, 'Date': '20190310'}, {'Users': 0, 'Date': '20190330'}, {'Users': 0, 'Date': '20190331'}, {'Users': 0, 'Date': '20190406'}, {'Users': 0, 'Date': '20190407'}]"
bugs.newbugs,"[{'Bugs': 0, 'Date': '20190301'}, {'Bugs': 1, 'Date': '20190302'}, {'Bugs': 0, 'Date': '20190303'}, {'Bugs': 1, 'Date': '20190304'}, {'Bugs': 5, 'Date': '20190305'}, {'Bugs': 1, 'Date': '20190306'}, {'Bugs': 2, 'Date': '20190307'}, {'Bugs': 1, 'Date': '20190308'}, {'Bugs': 0, 'Date': '20190309'}, {'Bugs': 0, 'Date': '20190310'}, {'Bugs': 1, 'Date': '20190311'}, {'Bugs': 1, 'Date': '20190312'}, {'Bugs': 2, 'Date': '20190313'}, {'Bugs': 3, 'Date': '20190314'}, {'Bugs': 1, 'Date': '20190315'}, {'Bugs': 1, 'Date': '20190316'}, {'Bugs': 1, 'Date': '20190317'}, {'Bugs': 4, 'Date': '20190318'}, {'Bugs': 1, 'Date': '20190319'}, {'Bugs': 1, 'Date': '20190320'}, {'Bugs': 1, 'Date': '20190321'}, {'Bugs': 1, 'Date': '20190322'}, {'Bugs': 1, 'Date': '20190323'}, {'Bugs': 0, 'Date': '20190324'}, {'Bugs': 2, 'Date': '20190325'}, {'Bugs': 2, 'Date': '20190326'}, {'Bugs': 2, 'Date': '20190327'}, {'Bugs': 0, 'Date': '20190328'}, {'Bugs': 1, 'Date': '20190329'}, {'Bugs': 0, 'Date': '20190330'}, {'Bugs': 0, 'Date': '20190331'}, {'Bugs': 2, 'Date': '20190401'}, {'Bugs': 1, 'Date': '20190402'}, {'Bugs': 2, 'Date': '20190403'}, {'Bugs': 1, 'Date': '20190404'}, {'Bugs': 0, 'Date': '20190405'}, {'Bugs': 0, 'Date': '20190406'}, {'Bugs': 0, 'Date': '20190407'}, {'Bugs': 0, 'Date': '20190408'}, {'Bugs': 4, 'Date': '20190409'}, {'Bugs': 2, 'Date': '20190410'}, {'Bugs': 0, 'Date': '20190411'}, {'Bugs': 0, 'Date': '20190412'}]"
bugs.nonResolvedClosedBugs,"[{'Bugs': 0, 'Date': '20190309'}, {'Bugs': 0, 'Date': '20190310'}, {'Bugs': 0, 'Date': '20190330'}, {'Bugs': 0, 'Date': '20190331'}, {'Bugs': 1, 'Date': '20190406'}, {'Bugs': 2, 'Date': '20190407'}]"
bugs.patches,"[{'Patches': 0, 'Date': '20190301'}, {'Patches': 0, 'Date': '20190302'}, {'Patches': 0, 'Date': '20190303'}, {'Patches': 0, 'Date': '20190304'}, {'Patches': 0, 'Date': '20190305'}, {'Patches': 0, 'Date': '20190306'}, {'Patches': 0, 'Date': '20190307'}, {'Patches': 0, 'Date': '20190308'}, {'Patches': 0, 'Date': '20190309'}, {'Patches': 0, 'Date': '20190310'}, {'Patches': 0, 'Date': '20190311'}, {'Patches': 0, 'Date': '20190312'}, {'Patches': 0, 'Date': '20190313'}, {'Patches': 0, 'Date': '20190314'}, {'Patches': 0, 'Date': '20190315'}, {'Patches': 0, 'Date': '20190316'}, {'Patches': 0, 'Date': '20190317'}, {'Patches': 0, 'Date': '20190318'}, {'Patches': 0, 'Date': '20190319'}, {'Patches': 0, 'Date': '20190320'}, {'Patches': 0, 'Date': '20190321'}, {'Patches': 0, 'Date': '20190322'}, {'Patches': 0, 'Date': '20190323'}, {'Patches': 0, 'Date': '20190324'}, {'Patches': 0, 'Date': '20190325'}, {'Patches': 0, 'Date': '20190326'}, {'Patches': 0, 'Date': '20190327'}, {'Patches': 0, 'Date': '20190328'}, {'Patches': 0, 'Date': '20190329'}, {'Patches': 0, 'Date': '20190330'}, {'Patches': 0, 'Date': '20190331'}, {'Patches': 0, 'Date': '20190401'}, {'Patches': 0, 'Date': '20190402'}, {'Patches': 0, 'Date': '20190403'}, {'Patches': 0, 'Date': '20190404'}, {'Patches': 0, 'Date': '20190405'}, {'Patches': 0, 'Date': '20190406'}, {'Patches': 0, 'Date': '20190407'}, {'Patches': 0, 'Date': '20190408'}, {'Patches': 0, 'Date': '20190409'}, {'Patches': 0, 'Date': '20190410'}, {'Patches': 0, 'Date': '20190411'}, {'Patches': 0, 'Date': '20190412'}]"
bugs.replies,"[{'Date': '20190309', 'Replies': 0}, {'Date': '20190310', 'Replies': 0}, {'Date': '20190330', 'Replies': 0}, {'Date': '20190331', 'Replies': 0}, {'Date': '20190406', 'Replies': 0}, {'Date': '20190407', 'Replies': 0}]"
bugs.replies-averageperday,"[{'Date': '20190309', 'Replies': 0.0}, {'Date': '20190310', 'Replies': 0.0}, {'Date': '20190330', 'Replies': 0.0}, {'Date': '20190331', 'Replies': 0.0}, {'Date': '20190406', 'Replies': 0.0}, {'Date': '20190407', 'Replies': 0.0}]"
bugs.replies-bugaverage,"[{'Date': '20190309', 'Replies': 0.0}, {'Date': '20190310', 'Replies': 0.0}, {'Date': '20190330', 'Replies': 0.0}, {'Date': '20190331', 'Replies': 0.0}, {'Date': '20190406', 'Replies': 0.0}, {'Date': '20190407', 'Replies': 0.0}]"
bugs.replies-useraverage,"[{'Date': '20190309', 'Replies': 0.0}, {'Date': '20190310', 'Replies': 0.0}, {'Date': '20190330', 'Replies': 0.0}, {'Date': '20190331', 'Replies': 0.0}, {'Date': '20190406', 'Replies': 0.0}, {'Date': '20190407', 'Replies': 0.0}]"
bugs.requests,"[{'Requests': 0, 'Date': '20190309'}, {'Requests': 0, 'Date': '20190310'}, {'Requests': 0, 'Date': '20190330'}, {'Requests': 0, 'Date': '20190331'}, {'Requests': 0, 'Date': '20190406'}, {'Requests': 0, 'Date': '20190407'}]"
bugs.requests-averageperday,"[{'Requests': 0.0, 'Date': '20190309'}, {'Requests': 0.0, 'Date': '20190310'}, {'Requests': 0.0, 'Date': '20190330'}, {'Requests': 0.0, 'Date': '20190331'}, {'Requests': 0.0, 'Date': '20190406'}, {'Requests': 0.0, 'Date': '20190407'}]"
bugs.requests-bugaverage,"[{'Requests': 0.0, 'Date': '20190309'}, {'Requests': 0.0, 'Date': '20190310'}, {'Requests': 0.0, 'Date': '20190330'}, {'Requests': 0.0, 'Date': '20190331'}, {'Requests': 0.0, 'Date': '20190406'}, {'Requests': 0.0, 'Date': '20190407'}]"
bugs.requests-useraverage,"[{'Requests': 0.0, 'Date': '20190309'}, {'Requests': 0.0, 'Date': '20190310'}, {'Requests': 0.0, 'Date': '20190330'}, {'Requests': 0.0, 'Date': '20190331'}, {'Requests': 0.0, 'Date': '20190406'}, {'Requests': 0.0, 'Date': '20190407'}]"
bugs.requestsreplies,"[{'Requests': 0, 'Date': '20190309', 'Replies': 0}, {'Requests': 0, 'Date': '20190310', 'Replies': 0}, {'Requests': 0, 'Date': '20190330', 'Replies': 0}, {'Requests': 0, 'Date': '20190331', 'Replies': 0}, {'Requests': 0, 'Date': '20190406', 'Replies': 0}, {'Requests': 0, 'Date': '20190407', 'Replies': 0}]"
bugs.requestsreplies-averageperday,"[{'Requests': 0.0, 'Replies': 0.0, 'Date': '20190309', 'Comments': 0.0}, {'Requests': 0.0, 'Replies': 0.0, 'Date': '20190310', 'Comments': 0.0}, {'Requests': 0.0, 'Replies': 0.0, 'Date': '20190330', 'Comments': 0.0}, {'Requests': 0.0, 'Replies': 0.0, 'Date': '20190331', 'Comments': 0.0}, {'Requests': 0.0, 'Replies': 0.0, 'Date': '20190406', 'Comments': 0.0}, {'Requests': 0.0, 'Replies': 0.0, 'Date': '20190407', 'Comments': 0.0}]"
bugs.requestsreplies-bugaverage,"[{'Requests': 0.0, 'Replies': 0.0, 'Date': '20190309', 'Comments': 0.0}, {'Requests': 0.0, 'Replies': 0.0, 'Date': '20190310', 'Comments': 0.0}, {'Requests': 0.0, 'Replies': 0.0, 'Date': '20190330', 'Comments': 0.0}, {'Requests': 0.0, 'Replies': 0.0, 'Date': '20190331', 'Comments': 0.0}, {'Requests': 0.0, 'Replies': 0.0, 'Date': '20190406', 'Comments': 0.0}, {'Requests': 0.0, 'Replies': 0.0, 'Date': '20190407', 'Comments': 0.0}]"
bugs.requestsreplies-useraverage,"[{'Requests': 0.0, 'Replies': 0.0, 'Date': '20190309', 'Comments': 0.0}, {'Requests': 0.0, 'Replies': 0.0, 'Date': '20190310', 'Comments': 0.0}, {'Requests': 0.0, 'Replies': 0.0, 'Date': '20190330', 'Comments': 0.0}, {'Requests': 0.0, 'Replies': 0.0, 'Date': '20190331', 'Comments': 0.0}, {'Requests': 0.0, 'Replies': 0.0, 'Date': '20190406', 'Comments': 0.0}, {'Requests': 0.0, 'Replies': 0.0, 'Date': '20190407', 'Comments': 0.0}]"
bugs.resolvedClosedBugs,"[{'Bugs': 0, 'Date': '20190309'}, {'Bugs': 0, 'Date': '20190310'}, {'Bugs': 0, 'Date': '20190330'}, {'Bugs': 0, 'Date': '20190331'}, {'Bugs': 0, 'Date': '20190406'}, {'Bugs': 0, 'Date': '20190407'}]"
bugs.sentiment,"[{'Average Sentiment': 0.0, 'Average Sentiment at Thread End': 0.0, 'Average Sentiment at Thread Beginning': 0.0, 'Date': '20190309'}, {'Average Sentiment': 0.0, 'Average Sentiment at Thread End': 0.0, 'Average Sentiment at Thread Beginning': 0.0, 'Date': '20190310'}, {'Average Sentiment': 0.0, 'Average Sentiment at Thread End': 0.0, 'Average Sentiment at Thread Beginning': 0.0, 'Date': '20190330'}, {'Average Sentiment': 0.0, 'Average Sentiment at Thread End': 0.0, 'Average Sentiment at Thread Beginning': 0.0, 'Date': '20190331'}, {'Average Sentiment': 0.0, 'Average Sentiment at Thread End': 0.0, 'Average Sentiment at Thread Beginning': 0.0, 'Date': '20190406'}, {'Average Sentiment': 0.0, 'Average Sentiment at Thread End': 0.0, 'Average Sentiment at Thread Beginning': 0.0, 'Date': '20190407'}]"
bugs.sentimentAtThreadBeggining,"[{'Average Sentiment': 0.0, 'Date': '20190309'}, {'Average Sentiment': 0.0, 'Date': '20190310'}, {'Average Sentiment': 0.0, 'Date': '20190330'}, {'Average Sentiment': 0.0, 'Date': '20190331'}, {'Average Sentiment': 0.0, 'Date': '20190406'}, {'Average Sentiment': 0.0, 'Date': '20190407'}]"
bugs.sentimentAtThreadEnd,"[{'Average Sentiment': 0.0, 'Date': '20190309'}, {'Average Sentiment': 0.0, 'Date': '20190310'}, {'Average Sentiment': 0.0, 'Date': '20190330'}, {'Average Sentiment': 0.0, 'Date': '20190331'}, {'Average Sentiment': 0.0, 'Date': '20190406'}, {'Average Sentiment': 0.0, 'Date': '20190407'}]"
bugs.severity,"[{'Severity': 'unknown', 'Bugs': 1, 'Date': '20190406'}, {'Severity': 'unknown', 'Bugs': 2, 'Date': '20190407'}]"
bugs.severity.averageResponseTime,"[{'Severity': 'unknown', 'Date': '20190406', 'Response Time': 0}, {'Severity': 'unknown', 'Date': '20190407', 'Response Time': 0}]"
bugs.severity.averageSentiment,"[{'Average Sentiment': 0.0, 'Severity': 'unknown', 'Date': '20190406'}, {'Average Sentiment': 0.0, 'Severity': 'unknown', 'Date': '20190407'}]"
bugs.severity.duplicateBugs,"[{'Severity': 'unknown', 'Bugs': 0, 'Date': '20190406'}, {'Severity': 'unknown', 'Bugs': 0, 'Date': '20190407'}]"
bugs.severity.duplicateBugs.percentages,"[{'Severity': 'unknown', 'Bugs': 0.0, 'Date': '20190406'}, {'Severity': 'unknown', 'Bugs': 0.0, 'Date': '20190407'}]"
bugs.severity.fixedBugs,"[{'Severity': 'unknown', 'Bugs': 0, 'Date': '20190406'}, {'Severity': 'unknown', 'Bugs': 0, 'Date': '20190407'}]"
bugs.severity.fixedBugs.percentages,"[{'Severity': 'unknown', 'Bugs': 0.0, 'Date': '20190406'}, {'Severity': 'unknown', 'Bugs': 0.0, 'Date': '20190407'}]"
bugs.severity.invalidBugs,"[{'Severity': 'unknown', 'Bugs': 0, 'Date': '20190406'}, {'Severity': 'unknown', 'Bugs': 0, 'Date': '20190407'}]"
bugs.severity.invalidBugs.percentages,"[{'Severity': 'unknown', 'Bugs': 0.0, 'Date': '20190406'}, {'Severity': 'unknown', 'Bugs': 0.0, 'Date': '20190407'}]"
bugs.severity.nonResolvedClosedBugs,"[{'Severity': 'unknown', 'Bugs': 1, 'Date': '20190406'}, {'Severity': 'unknown', 'Bugs': 2, 'Date': '20190407'}]"
bugs.severity.nonResolvedClosedBugs.percentages,"[{'Severity': 'unknown', 'Bugs': 1.0, 'Date': '20190406'}, {'Severity': 'unknown', 'Bugs': 1.0, 'Date': '20190407'}]"
bugs.severity.percentages,"[{'Severity': 'unknown', 'Bugs': 100.0, 'Date': '20190406'}, {'Severity': 'unknown', 'Bugs': 100.0, 'Date': '20190407'}]"
bugs.severity.resolvedClosedBugs,"[{'Severity': 'unknown', 'Bugs': 0, 'Date': '20190406'}, {'Severity': 'unknown', 'Bugs': 0, 'Date': '20190407'}]"
bugs.severity.resolvedClosedBugs.percentages,"[{'Severity': 'unknown', 'Bugs': 0.0, 'Date': '20190406'}, {'Severity': 'unknown', 'Bugs': 0.0, 'Date': '20190407'}]"
bugs.severity.sentiment,"[{'Average Sentiment': 0.0, 'Average Sentiment at Thread End': 0.0, 'Average Sentiment at Thread Beginning': 0.0, 'Date': '20190406'}, {'Average Sentiment': 0.0, 'Average Sentiment at Thread End': 0.0, 'Average Sentiment at Thread Beginning': 0.0, 'Date': '20190407'}]"
bugs.severity.sentimentAtThreadBeggining,"[{'Average Sentiment': 0.0, 'Severity': 'unknown', 'Date': '20190406'}, {'Average Sentiment': 0.0, 'Severity': 'unknown', 'Date': '20190407'}]"
bugs.severity.sentimentAtThreadEnd,"[{'Average Sentiment': 0.0, 'Severity': 'unknown', 'Date': '20190406'}, {'Average Sentiment': 0.0, 'Severity': 'unknown', 'Date': '20190407'}]"
bugs.severity.wontFixBugs,"[{'Severity': 'unknown', 'Bugs': 0, 'Date': '20190406'}, {'Severity': 'unknown', 'Bugs': 0, 'Date': '20190407'}]"
bugs.severity.wontFixBugs.percentages,"[{'Severity': 'unknown', 'Bugs': 0.0, 'Date': '20190406'}, {'Severity': 'unknown', 'Bugs': 0.0, 'Date': '20190407'}]"
bugs.severity.worksForMeBugs.percentages,"[{'Severity': 'unknown', 'Bugs': 0.0, 'Date': '20190406'}, {'Severity': 'unknown', 'Bugs': 0.0, 'Date': '20190407'}]"
bugs.unansweredBugs,"[{'Bugs': 0, 'Date': '20190309'}, {'Bugs': 0, 'Date': '20190310'}, {'Bugs': 0, 'Date': '20190330'}, {'Bugs': 0, 'Date': '20190331'}, {'Bugs': 0, 'Date': '20190406'}, {'Bugs': 0, 'Date': '20190407'}]"
bugs.wontFixBugs,"[{'Bugs': 0, 'Date': '20190309'}, {'Bugs': 0, 'Date': '20190310'}, {'Bugs': 0, 'Date': '20190330'}, {'Bugs': 0, 'Date': '20190331'}, {'Bugs': 0, 'Date': '20190406'}, {'Bugs': 0, 'Date': '20190407'}]"
bugs.worksForMeBugs,"[{'Bugs': 0, 'Date': '20190309'}, {'Bugs': 0, 'Date': '20190310'}, {'Bugs': 0, 'Date': '20190330'}, {'Bugs': 0, 'Date': '20190331'}, {'Bugs': 0, 'Date': '20190406'}, {'Bugs': 0, 'Date': '20190407'}]"
AHFJavaHistoric,empty datatable
AIFJavaQuartilesHistoric,empty datatable
AJavaHistoric,empty datatable
AdvancedLanguageFeaturesJavaQuartilesHistoric,empty datatable
CBOJavaQuartilesHistoric,empty datatable
CCHistogramJavaTimeLine,empty datatable
CFJavaHistoric,empty datatable
CaJavaQuartilesHistoric,empty datatable
CeJavaQuartilesHistoric,empty datatable
DACJavaQuartilesHistoric,empty datatable
DITJavaQuartilesHistoric,empty datatable
IJavaQuartilesHistoric,empty datatable
LCCJavaQuartilesHistoric,empty datatable
LCOM4JavaQuartilesHistoric,empty datatable
LCOMJavaQuartilesHistoric,empty datatable
LOCoverfilesovertime,empty datatable
MHFJavaHistoric,empty datatable
MIFJavaQuartilesHistoric,empty datatable
MPCJavaQuartilesHistoric,empty datatable
NOAJavaQuartilesHistoric,empty datatable
NOCJavaQuartilesHistoric,empty datatable
NOMJavaQuartilesHistoric,empty datatable
PFJavaHistoric,empty datatable
RFCJavaQuartilesHistoric,empty datatable
RRJavaHistoric,empty datatable
SRJavaHistoric,empty datatable
TCCJavaQuartilesHistoric,empty datatable
bugs.activeinactiveusers,empty datatable
bugs.activeusers,empty datatable
bugs.emotions.commentPercentages,empty datatable
bugs.emotions.comments,empty datatable
bugs.emotions.cumulativeCommentPercentages,empty datatable
bugs.emotions.cumulativeComments,empty datatable
bugs.inactiveusers,empty datatable
bugs.severity.worksForMeBugs,empty datatable
bugs.users,empty datatable
churnPerCommitInTwoWeeksTimeLine,empty datatable
churnPerCommitterTimeLine,empty datatable
churnPerDayTimeLine,empty datatable
cloneLOCPerLanguageTimeLine,empty datatable
commentLinesPerLanguageTimeLine,empty datatable
commentedOutCodePerLanguageTimeLine,empty datatable
commitsPerDayTimeLine,empty datatable
commitsovertimeline,empty datatable
coreCommittersChurnBar,empty datatable
designsmells.brokenSmells,empty datatable
designsmells.deficientSmells,empty datatable
designsmells.hairballSmells,empty datatable
designsmells.imperativeSmells,empty datatable
designsmells.insufficientSmells,empty datatable
designsmells.missAbSmells,empty datatable
designsmells.missingDepSmells,empty datatable
designsmells.multifacetedSmells,empty datatable
designsmells.smells,empty datatable
designsmells.tightSmells,empty datatable
designsmells.unnecessarySmells,empty datatable
designsmells.unstructuredSmells,empty datatable
designsmells.weakenSmells,empty datatable
fileReadabilityQuartilesHistoric,empty datatable
filesWithErrorPronenessTimeLine,empty datatable
filesWithInefficienciesTimeLine,empty datatable
filesWithStyleViolationsTimeLine,empty datatable
filesWithUnderstandabilityIssuesTimeLine,empty datatable
headerPercentageTimeLine,empty datatable
locPerLanguageTimeLine,empty datatable
newsgroups.activeinactiveusers,empty datatable
newsgroups.activeusers,empty datatable
newsgroups.articles,empty datatable
newsgroups.articles-threadaverage,empty datatable
newsgroups.articles-useraverage,empty datatable
newsgroups.averageResponseTime,empty datatable
newsgroups.averageResponseTime-threads,empty datatable
newsgroups.averageSentiment,empty datatable
newsgroups.comments-averageperday,empty datatable
newsgroups.cumulativeArticles,empty datatable
newsgroups.cumulativeAverageResponseTime,empty datatable
newsgroups.cumulativeAverageResponseTime-threads,empty datatable
newsgroups.cumulativeNewThreads,empty datatable
newsgroups.cumulativeNewUsers,empty datatable
newsgroups.cumulativereplies,empty datatable
newsgroups.cumulativerequests,empty datatable
newsgroups.cumulativerequestsreplies,empty datatable
newsgroups.emotions.articlePercentages,empty datatable
newsgroups.emotions.articles,empty datatable
newsgroups.emotions.cumulativeArticlePercentages,empty datatable
newsgroups.emotions.cumulativeArticles,empty datatable
newsgroups.inactiveusers,empty datatable
newsgroups.newThreads,empty datatable
newsgroups.newUsers,empty datatable
newsgroups.replies,empty datatable
newsgroups.replies-averageperday,empty datatable
newsgroups.replies-threadaverage,empty datatable
newsgroups.replies-useraverage,empty datatable
newsgroups.requests,empty datatable
newsgroups.requests-averageperday,empty datatable
newsgroups.requests-threadaverage,empty datatable
newsgroups.requests-useraverage,empty datatable
newsgroups.requestsreplies,empty datatable
newsgroups.requestsreplies-averageperday,empty datatable
newsgroups.requestsreplies-threadaverage,empty datatable
newsgroups.requestsreplies-useraverage,empty datatable
newsgroups.sentiment,empty datatable
newsgroups.sentimentAtThreadBeggining,empty datatable
newsgroups.sentimentAtThreadEnd,empty datatable
newsgroups.severity,empty datatable
newsgroups.severity.averageResponseTime,empty datatable
newsgroups.severity.averageSentiment,empty datatable
newsgroups.severity.percentages,empty datatable
newsgroups.severity.sentiment,empty datatable
newsgroups.severity.sentimentAtThreadBeggining,empty datatable
newsgroups.severity.sentimentAtThreadEnd,empty datatable
newsgroups.threads,empty datatable
newsgroups.unansweredThreads,empty datatable
newsgroups.users,empty datatable
numTestsHistoric,empty datatable
ratioOptionalMavenDependenciesTimeLine,empty datatable
ratioUnusedOSGiImportedPackages,empty datatable
spreadOfErrorPronenessTimeLine,empty datatable
spreadOfInefficienciesTimeLine,empty datatable
spreadOfStyleViolationsTimeLine,empty datatable
spreadOfUnderstandabilityIssuesTimeLine,empty datatable
testCoverageHistoric,empty datatable
testCoveragePublicHistoric,empty datatable
